<?xml version="1.0" encoding="utf-8" ?>
<!-- next index %46 -->
<config>
	<customSkin>
		<controller			file="controls.cnow.swf"/>
		<aspectController	file="pluginAC.swf"/>
		<overlayPlayButton	file="pluginOB.swf"/>
		<systemMessages		file="pluginSM.swf"/>
		<advertisingTimer	file="pluginPT.swf"/>
		<skipAdButton		file="pluginSB.swf"/>
		<speedTestButton	file="pluginST.swf"/>
	</customSkin>

	<enableAds><![CDATA[false]]></enableAds>
	<adsServerType><![CDATA[openx]]></adsServerType>
	<adsServer><![CDATA[http://dorelx.directone.ro/www/delivery/fc.php?script=bannerTypeHtml:vastInlineBannerTypeHtml:vastInlineHtml&zones=pre-roll%3D3%7Cmid-roll%3D4%7Coverlay%3D5&nz=1&source=&r=R0.5911759017035365&block=1&format=vast&charset=UTF-8]]></adsServer>
	<adsConfig>
		<adsPrerollZone><![CDATA[3]]></adsPrerollZone>
		<adsMidrollZone><![CDATA[4]]></adsMidrollZone>
		<adsOverlayZone><![CDATA[5]]></adsOverlayZone>
		<overlayStartTime><![CDATA[10]]></overlayStartTime>
		<overlayOnScreenTime><![CDATA[15]]></overlayOnScreenTime>
		<overlayTimeBetween><![CDATA[900]]></overlayTimeBetween>
	</adsConfig>
	
	<enableABR><![CDATA[false]]></enableABR>
	<enableDVR><![CDATA[false]]></enableDVR>
	<enableQualityChange><![CDATA[true]]></enableQualityChange>
	<allowedDomains><![CDATA[mediadirect.ro,directone.ro,seenow.ro,127.0.0.1,127.0.0.1:8080]]></allowedDomains>
	<allowedApps><![CDATA[]]></allowedApps>
	<tracking>
		<enable><![CDATA[true]]></enable>
		<account><![CDATA[UA-6521536-1,UA-29150698-5]]></account>
		<sidetrack><![CDATA[UA-29150698-1]]></sidetrack>
	</tracking>
	<disconnect>
	    <enable><![CDATA[false]]></enable>
	    <duration><![CDATA[5]]></duration>
	</disconnect>
	
	<messages>
		<message type="initialisingStream"><![CDATA[Stream-ul se initializeaza.]]></message>
		<message type="missingStream"><![CDATA[Stream-ul nu a fost gasit pe nici un server. Va rugam reincercati.]]></message>
		<message type="loadingStream"><![CDATA[Stream-ul se incarca.]]></message>
		<message type="rejectedStream"><![CDATA[Connexiunea a fost refuzata de catre server. Va rugam reincercati.]]></message>
		<message type="changingQuality"><![CDATA[Schimbare calitate video..]]></message>
		<message type="disconnected"><![CDATA[Ai fost deconnectat!]]></message>
		<message type="hourRestriction"><![CDATA[Aceasta emisiune nu are drepturi de difuzare online si pe mobil.<br/>Transmisiunea va fi reluata in: ]]></message>
		<message type="countryRestriction"><![CDATA[Acest stream se poate vedea doar pe teritoriul Romaniei.]]></message>
		<message type="userNotLogged"><![CDATA[Pentru a continua vizualizarea continutului DolceTv va rugam sa va autentificati.]]></message>
		<message type="stallingStream"><![CDATA[Stream-ul este in pauza. Se va relua curand.]]></message>
	</messages>
	<controlls>
		<playPause enabled= "true" />
		<videoTime enabled= "true" />
		<showVideo enabled= "true"/>
		<volume enabled="true" />
		<fullscreen enabled="true" />
		<aspect enabled="true" />
		<speedTest enabled="false" />
	</controlls>
	
	<!-- FORBIDDEN -->
		<forbidden><![CDATA[]]></forbidden>
		<serverTime><![CDATA[http://restrictions.directone.ro/timestamp.php]]></serverTime>		
	<!-- END - FORBIDDEN -->
	<enableSelfResize><![CDATA[false]]></enableSelfResize>
	
	<enableGeoProtection><![CDATA[false]]></enableGeoProtection>
	<countryCodes><![CDATA[]]></countryCodes>
	<iplink><![CDATA[]]></iplink>
	<ipexceptions><![CDATA[]]></ipexceptions>
	
	<customRestriction enabled="false">
		<address><![CDATA[]]></address>
		<description><![CDATA[]]></description>
	</customRestriction>
</config>